<?xml version="1.0" encoding="utf-8" ?>
<dwsync>
<file name="clipboard.swf" server="ftp.livrohtml5.com.br//public_html/" local="128855575440000000" remote="130603800600000000" Dst="2" />
<file name="modernizr-1.6.min.js" server="ftp.livrohtml5.com.br//public_html/" local="129358981451718750" remote="130603800600000000" Dst="2" />
<file name="excanvas.js" server="ftp.livrohtml5.com.br//public_html/" local="129361428291875000" remote="130603800600000000" Dst="2" />
<file name="modernizr.min.js" server="ftp.livrohtml5.com.br//public_html/" local="130520968176867366" remote="130603800600000000" Dst="2" />
<file name="shBrushAS3.js" server="ftp.livrohtml5.com.br//public_html/" local="129001276180000000" remote="130603800600000000" Dst="2" />
<file name="shBrushBash.js" server="ftp.livrohtml5.com.br//public_html/" local="129001276180000000" remote="130603800600000000" Dst="2" />
<file name="shBrushColdFusion.js" server="ftp.livrohtml5.com.br//public_html/" local="129001276180000000" remote="130603800600000000" Dst="2" />
<file name="shBrushCpp.js" server="ftp.livrohtml5.com.br//public_html/" local="129001276180000000" remote="130603800600000000" Dst="2" />
<file name="shBrushCSharp.js" server="ftp.livrohtml5.com.br//public_html/" local="129001276180000000" remote="130603800600000000" Dst="2" />
<file name="shBrushCss.js" server="ftp.livrohtml5.com.br//public_html/" local="129001276180000000" remote="130603800600000000" Dst="2" />
<file name="shBrushDelphi.js" server="ftp.livrohtml5.com.br//public_html/" local="129001276180000000" remote="130603800600000000" Dst="2" />
<file name="shBrushDiff.js" server="ftp.livrohtml5.com.br//public_html/" local="129001276180000000" remote="130603800600000000" Dst="2" />
<file name="shBrushErlang.js" server="ftp.livrohtml5.com.br//public_html/" local="129001276180000000" remote="130603800600000000" Dst="2" />
<file name="shBrushGroovy.js" server="ftp.livrohtml5.com.br//public_html/" local="129001276180000000" remote="130603800600000000" Dst="2" />
<file name="shBrushJava.js" server="ftp.livrohtml5.com.br//public_html/" local="129001276180000000" remote="130603800600000000" Dst="2" />
<file name="shBrushJavaFX.js" server="ftp.livrohtml5.com.br//public_html/" local="129001276180000000" remote="130603800600000000" Dst="2" />
<file name="shBrushJScript.js" server="ftp.livrohtml5.com.br//public_html/" local="129001276180000000" remote="130603800600000000" Dst="2" />
<file name="shBrushPerl.js" server="ftp.livrohtml5.com.br//public_html/" local="129001276180000000" remote="130603800600000000" Dst="2" />
<file name="shBrushPhp.js" server="ftp.livrohtml5.com.br//public_html/" local="129001276180000000" remote="130603800600000000" Dst="2" />
<file name="shBrushPlain.js" server="ftp.livrohtml5.com.br//public_html/" local="129001276180000000" remote="130603800600000000" Dst="2" />
<file name="shBrushPython.js" server="ftp.livrohtml5.com.br//public_html/" local="129001276180000000" remote="130603800600000000" Dst="2" />
<file name="shBrushPowerShell.js" server="ftp.livrohtml5.com.br//public_html/" local="129001276180000000" remote="130603800600000000" Dst="2" />
<file name="shBrushRuby.js" server="ftp.livrohtml5.com.br//public_html/" local="129001276180000000" remote="130603800600000000" Dst="2" />
<file name="shBrushScala.js" server="ftp.livrohtml5.com.br//public_html/" local="129001276180000000" remote="130603800600000000" Dst="2" />
<file name="shBrushSql.js" server="ftp.livrohtml5.com.br//public_html/" local="129001276180000000" remote="130603800600000000" Dst="2" />
<file name="shBrushVb.js" server="ftp.livrohtml5.com.br//public_html/" local="129001276180000000" remote="130603800600000000" Dst="2" />
<file name="shBrushXml.js" server="ftp.livrohtml5.com.br//public_html/" local="129001276180000000" remote="130603800600000000" Dst="2" />
<file name="shCore.js" server="ftp.livrohtml5.com.br//public_html/" local="129001276180000000" remote="130603800600000000" Dst="2" />
<file name="shLegacy.js" server="ftp.livrohtml5.com.br//public_html/" local="129001276180000000" remote="130603800600000000" Dst="2" />
</dwsync>