<?xml version="1.0" encoding="utf-8" ?>
<dwsync>
<file name="c9-messaging.html" server="ftp.livrohtml5.com.br//public_html/" local="130541319564876802" remote="130603800600000000" Dst="2" />
<file name="c9-json.html" server="ftp.livrohtml5.com.br//public_html/" local="130541468230415437" remote="130603800600000000" Dst="2" />
<file name="c9-webworkers-ex1.html" server="ftp.livrohtml5.com.br//public_html/" local="130541704309096345" remote="130603800600000000" Dst="2" />
<file name="c9-webworkers-ex2.html" server="ftp.livrohtml5.com.br//public_html/" local="130520977292976595" remote="130603800600000000" Dst="2" />
<file name="c9-webworkers-ex3.html" server="ftp.livrohtml5.com.br//public_html/" local="130520977293066653" remote="130603800600000000" Dst="2" />
<file name="calcula.js" server="ftp.livrohtml5.com.br//public_html/" local="130541700969466079" remote="130603800600000000" Dst="2" />
<file name="exemplo2.js" server="ftp.livrohtml5.com.br//public_html/" local="129489281561875000" remote="130603800600000000" Dst="2" />
<file name="exemplo3.js" server="ftp.livrohtml5.com.br//public_html/" local="129489346545000000" remote="130603800600000000" Dst="2" />
<file name="json.html" server="ftp.livrohtml5.com.br//public_html/" local="130541468115127120" remote="130603800600000000" Dst="2" />
<file name="messaging.html" server="ftp.livrohtml5.com.br//public_html/" local="129527355610000000" remote="130603800600000000" Dst="2" />
</dwsync>