<?xml version="1.0" encoding="utf-8" ?>
<dwsync>
<file name="c4-canvas-drawFOCUS.html" server="ftp.livrohtml5.com.br//public_html/" local="129367459810000000" remote="130603799400000000" Dst="2" />
<file name="c4-canvas-ex1.html" server="ftp.livrohtml5.com.br//public_html/" local="130520977285841874" remote="130603799400000000" Dst="2" />
<file name="c4-canvas-ex10.html" server="ftp.livrohtml5.com.br//public_html/" local="130520977285931928" remote="130603799400000000" Dst="2" />
<file name="c4-canvas-ex11.html" server="ftp.livrohtml5.com.br//public_html/" local="130520977286001976" remote="130603799400000000" Dst="2" />
<file name="c4-canvas-ex12.html" server="ftp.livrohtml5.com.br//public_html/" local="130520977286082025" remote="130603799400000000" Dst="2" />
<file name="c4-canvas-ex13.html" server="ftp.livrohtml5.com.br//public_html/" local="130520977286172091" remote="130603799400000000" Dst="2" />
<file name="c4-canvas-ex14.html" server="ftp.livrohtml5.com.br//public_html/" local="130520977286252140" remote="130603799400000000" Dst="2" />
<file name="c4-canvas-ex15.html" server="ftp.livrohtml5.com.br//public_html/" local="130520977286332193" remote="130603799400000000" Dst="2" />
<file name="c4-canvas-ex16.html" server="ftp.livrohtml5.com.br//public_html/" local="130538198852218510" remote="130603799400000000" Dst="2" />
<file name="c4-canvas-ex17.html" server="ftp.livrohtml5.com.br//public_html/" local="130520977286502304" remote="130603799400000000" Dst="2" />
<file name="c4-canvas-ex18.html" server="ftp.livrohtml5.com.br//public_html/" local="130520977286582357" remote="130603799400000000" Dst="2" />
<file name="c4-canvas-ex19.html" server="ftp.livrohtml5.com.br//public_html/" local="130520977286662414" remote="130603799400000000" Dst="2" />
<file name="c4-canvas-ex2.html" server="ftp.livrohtml5.com.br//public_html/" local="130520977286742463" remote="130603799400000000" Dst="2" />
<file name="c4-canvas-ex20.html" server="ftp.livrohtml5.com.br//public_html/" local="130520977286832524" remote="130603799400000000" Dst="2" />
<file name="c4-canvas-ex21.html" server="ftp.livrohtml5.com.br//public_html/" local="130520977286912577" remote="130603799400000000" Dst="2" />
<file name="c4-canvas-ex22.html" server="ftp.livrohtml5.com.br//public_html/" local="130520977287002635" remote="130603799400000000" Dst="2" />
<file name="c4-canvas-ex23.html" server="ftp.livrohtml5.com.br//public_html/" local="130520977287492962" remote="130603799400000000" Dst="2" />
<file name="c4-canvas-ex24.html" server="ftp.livrohtml5.com.br//public_html/" local="130520977287563006" remote="130603799400000000" Dst="2" />
<file name="c4-canvas-ex25.html" server="ftp.livrohtml5.com.br//public_html/" local="130520977287643056" remote="130603799400000000" Dst="2" />
<file name="c4-canvas-ex26.html" server="ftp.livrohtml5.com.br//public_html/" local="130520977287723112" remote="130603799400000000" Dst="2" />
<file name="c4-canvas-ex27.html" server="ftp.livrohtml5.com.br//public_html/" local="130520977287803166" remote="130603799400000000" Dst="2" />
<file name="c4-canvas-ex28.html" server="ftp.livrohtml5.com.br//public_html/" local="130520977287893231" remote="130603799400000000" Dst="2" />
<file name="c4-canvas-ex3.html" server="ftp.livrohtml5.com.br//public_html/" local="130520977287973280" remote="130603799400000000" Dst="2" />
<file name="c4-canvas-ex4.html" server="ftp.livrohtml5.com.br//public_html/" local="130520977288053333" remote="130603799400000000" Dst="2" />
<file name="c4-canvas-ex5.html" server="ftp.livrohtml5.com.br//public_html/" local="130520977288133390" remote="130603799400000000" Dst="2" />
<file name="c4-canvas-ex6.html" server="ftp.livrohtml5.com.br//public_html/" local="130520977288223448" remote="130603799400000000" Dst="2" />
<file name="c4-canvas-ex7.html" server="ftp.livrohtml5.com.br//public_html/" local="130520977288303501" remote="130603799400000000" Dst="2" />
<file name="c4-canvas-ex8.html" server="ftp.livrohtml5.com.br//public_html/" local="130520977288383554" remote="130603799400000000" Dst="2" />
<file name="c4-canvas-ex9.html" server="ftp.livrohtml5.com.br//public_html/" local="130520977288473612" remote="130603799400000000" Dst="2" />
<file name="flor.png" server="ftp.livrohtml5.com.br//public_html/" local="129361452941875000" remote="130603799400000000" Dst="2" />
</dwsync>