<?xml version="1.0" encoding="utf-8" ?>
<dwsync>
<file name="bg-body.gif" server="ftp.livrohtml5.com.br//public_html/" local="129297211238906250" remote="130603800600000000" Dst="2" />
<file name="help.png" server="ftp.livrohtml5.com.br//public_html/" local="128855575440000000" remote="130603800600000000" Dst="2" />
<file name="magnifier.png" server="ftp.livrohtml5.com.br//public_html/" local="128855575440000000" remote="130603800600000000" Dst="2" />
<file name="main.css" server="ftp.livrohtml5.com.br//public_html/" local="129387232496562500" remote="130603800600000000" Dst="2" />
<file name="page_white_code.png" server="ftp.livrohtml5.com.br//public_html/" local="128855575440000000" remote="130603800600000000" Dst="2" />
<file name="page_white_copy.png" server="ftp.livrohtml5.com.br//public_html/" local="128855575440000000" remote="130603800600000000" Dst="2" />
<file name="printer.png" server="ftp.livrohtml5.com.br//public_html/" local="128855575440000000" remote="130603800600000000" Dst="2" />
<file name="shCore.css" server="ftp.livrohtml5.com.br//public_html/" local="129001276180000000" remote="130603800600000000" Dst="2" />
<file name="shThemeDefault.css" server="ftp.livrohtml5.com.br//public_html/" local="129001276180000000" remote="130603800600000000" Dst="2" />
<file name="shThemeDjango.css" server="ftp.livrohtml5.com.br//public_html/" local="129001276180000000" remote="130603800600000000" Dst="2" />
<file name="shThemeEclipse.css" server="ftp.livrohtml5.com.br//public_html/" local="129001276180000000" remote="130603800600000000" Dst="2" />
<file name="shThemeEmacs.css" server="ftp.livrohtml5.com.br//public_html/" local="129001276180000000" remote="130603800600000000" Dst="2" />
<file name="shThemeFadeToGrey.css" server="ftp.livrohtml5.com.br//public_html/" local="129001276180000000" remote="130603800600000000" Dst="2" />
<file name="shThemeMidnight.css" server="ftp.livrohtml5.com.br//public_html/" local="129001276180000000" remote="130603800600000000" Dst="2" />
<file name="shThemeRDark.css" server="ftp.livrohtml5.com.br//public_html/" local="129001276180000000" remote="130603800600000000" Dst="2" />
</dwsync>