<?xml version="1.0" encoding="utf-8" ?>
<dwsync>
<file name="c6-autocomplete.html" server="ftp.livrohtml5.com.br//public_html/" local="130540810070843576" remote="130603799400000000" Dst="2" />
<file name="c6-color.html" server="ftp.livrohtml5.com.br//public_html/" local="130520977289744455" remote="130603799400000000" Dst="2" />
<file name="c6-date.html" server="ftp.livrohtml5.com.br//public_html/" local="130520977289814500" remote="130603799400000000" Dst="2" />
<file name="c6-datetime-local.html" server="ftp.livrohtml5.com.br//public_html/" local="130520977289944588" remote="130603799400000000" Dst="2" />
<file name="c6-datetime.html" server="ftp.livrohtml5.com.br//public_html/" local="130520977290104694" remote="130603799400000000" Dst="2" />
<file name="c6-email.html" server="ftp.livrohtml5.com.br//public_html/" local="130520977290174735" remote="130603799400000000" Dst="2" />
<file name="c6-max-min.html" server="ftp.livrohtml5.com.br//public_html/" local="130540820445184337" remote="130603799400000000" Dst="2" />
<file name="c6-month.html" server="ftp.livrohtml5.com.br//public_html/" local="130520977290324836" remote="130603799400000000" Dst="2" />
<file name="c6-number.html" server="ftp.livrohtml5.com.br//public_html/" local="130520977290404893" remote="130603799400000000" Dst="2" />
<file name="c6-pattern.html" server="ftp.livrohtml5.com.br//public_html/" local="130520977290474937" remote="130603799400000000" Dst="2" />
<file name="c6-range-vertical.html" server="ftp.livrohtml5.com.br//public_html/" local="130520977290575004" remote="130603799400000000" Dst="2" />
<file name="c6-range.html" server="ftp.livrohtml5.com.br//public_html/" local="130520977290655057" remote="130603799400000000" Dst="2" />
<file name="c6-required.html" server="ftp.livrohtml5.com.br//public_html/" local="130520977290735117" remote="130603799400000000" Dst="2" />
<file name="c6-search.html" server="ftp.livrohtml5.com.br//public_html/" local="130520977290805158" remote="130603799400000000" Dst="2" />
<file name="c6-setCustomValidity.html" server="ftp.livrohtml5.com.br//public_html/" local="130520977290885211" remote="130603799400000000" Dst="2" />
<file name="c6-tel-test.html" server="ftp.livrohtml5.com.br//public_html/" local="130520977290965264" remote="130603799400000000" Dst="2" />
<file name="c6-time.html" server="ftp.livrohtml5.com.br//public_html/" local="130520977291035309" remote="130603799400000000" Dst="2" />
<file name="c6-url.html" server="ftp.livrohtml5.com.br//public_html/" local="130520977291115362" remote="130603799400000000" Dst="2" />
<file name="c6-week.html" server="ftp.livrohtml5.com.br//public_html/" local="130520977291605685" remote="130603799400000000" Dst="2" />
</dwsync>