<?xml version="1.0" encoding="utf-8" ?>
<dwsync>
<file name="c5-accesskey-ex1.html" server="ftp.livrohtml5.com.br//public_html/" local="130540505283875224" remote="130603799400000000" Dst="2" />
<file name="c5-accesskey-ex2.html" server="ftp.livrohtml5.com.br//public_html/" local="130520977288633718" remote="130603799400000000" Dst="2" />
<file name="c5-autofocus.html" server="ftp.livrohtml5.com.br//public_html/" local="130520977288703766" remote="130603799400000000" Dst="2" />
<file name="c5-contenteditable.html" server="ftp.livrohtml5.com.br//public_html/" local="130520977288783815" remote="130603799400000000" Dst="2" />
<file name="c5-dir.html" server="ftp.livrohtml5.com.br//public_html/" local="130520977288863868" remote="130603799400000000" Dst="2" />
<file name="c5-list.html" server="ftp.livrohtml5.com.br//public_html/" local="130536543694922088" remote="130603799400000000" Dst="2" />
<file name="c5-max-min.html" server="ftp.livrohtml5.com.br//public_html/" local="130520977289013970" remote="130603799400000000" Dst="2" />
<file name="c5-pattern.html" server="ftp.livrohtml5.com.br//public_html/" local="130520977289514301" remote="130603799400000000" Dst="2" />
<file name="c5-placeholder.html" server="ftp.livrohtml5.com.br//public_html/" local="130520977289594358" remote="130603799400000000" Dst="2" />
</dwsync>