<?xml version="1.0" encoding="utf-8" ?>
<dwsync>
<file name="c3-audio-ex1.html" server="ftp.livrohtml5.com.br//public_html/" local="130536523458986430" remote="130603794600000000" Dst="2" />
<file name="c3-audio-ex2.html" server="ftp.livrohtml5.com.br//public_html/" local="130536515832406556" remote="130603794600000000" Dst="2" />
<file name="c3-audio-ex3.html" server="ftp.livrohtml5.com.br//public_html/" local="130536526730937911" remote="130603794600000000" Dst="2" />
<file name="c3-video-ex1.html" server="ftp.livrohtml5.com.br//public_html/" local="130536534479627810" remote="130603794600000000" Dst="2" />
<file name="c3-video-ex10.html" server="ftp.livrohtml5.com.br//public_html/" local="130520977283740474" remote="130603794600000000" Dst="2" />
<file name="c3-video-ex11.html" server="ftp.livrohtml5.com.br//public_html/" local="130520977283830543" remote="130603794600000000" Dst="2" />
<file name="c3-video-ex12-P1.html" server="ftp.livrohtml5.com.br//public_html/" local="130520977283920593" remote="130603794600000000" Dst="2" />
<file name="c3-video-ex12-P2.html" server="ftp.livrohtml5.com.br//public_html/" local="130520977284010666" remote="130603794600000000" Dst="2" />
<file name="c3-video-ex12-P3.html" server="ftp.livrohtml5.com.br//public_html/" local="130520977284110721" remote="130603794600000000" Dst="2" />
<file name="c3-video-ex12-P4.html" server="ftp.livrohtml5.com.br//public_html/" local="130520977284210795" remote="130603794600000000" Dst="2" />
<file name="c3-video-ex12-P5.html" server="ftp.livrohtml5.com.br//public_html/" local="130520977284310850" remote="130603794600000000" Dst="2" />
<file name="c3-video-ex12-P6.html" server="ftp.livrohtml5.com.br//public_html/" local="130520977284400923" remote="130603794600000000" Dst="2" />
<file name="c3-video-ex12-P7.html" server="ftp.livrohtml5.com.br//public_html/" local="130520977284491064" remote="130603794600000000" Dst="2" />
<file name="c3-video-ex12-P8.html" server="ftp.livrohtml5.com.br//public_html/" local="130520977284611056" remote="130603794600000000" Dst="2" />
<file name="c3-video-ex2.html" server="ftp.livrohtml5.com.br//public_html/" local="130520977284701110" remote="130603794600000000" Dst="2" />
<file name="c3-video-ex4.html" server="ftp.livrohtml5.com.br//public_html/" local="130520977284861217" remote="130603794600000000" Dst="2" />
<file name="c3-video-ex3.html" server="ftp.livrohtml5.com.br//public_html/" local="130520977284781163" remote="130603794600000000" Dst="2" />
<file name="c3-video-ex5.html" server="ftp.livrohtml5.com.br//public_html/" local="130520977284951278" remote="130603794600000000" Dst="2" />
<file name="c3-video-ex6.html" server="ftp.livrohtml5.com.br//public_html/" local="130538073826559075" remote="130603794600000000" Dst="2" />
<file name="c3-video-ex7.html" server="ftp.livrohtml5.com.br//public_html/" local="130538074191353379" remote="130603794600000000" Dst="2" />
<file name="c3-video-ex8.html" server="ftp.livrohtml5.com.br//public_html/" local="130538102534244082" remote="130603794600000000" Dst="2" />
<file name="c3-video-ex9.html" server="ftp.livrohtml5.com.br//public_html/" local="130520977285731795" remote="130603794600000000" Dst="2" />
<file name="c3-video-track.html" server="ftp.livrohtml5.com.br//public_html/" local="130538073326333014" remote="130603794600000000" Dst="2" />
<file name="capa.jpg" server="ftp.livrohtml5.com.br//public_html/" local="129387236107343750" remote="130603794600000000" Dst="2" />
<file name="fundo-controles.png" server="ftp.livrohtml5.com.br//public_html/" local="129358871984843750" remote="130603794600000000" Dst="2" />
<file name="legendas-en.vtt" server="ftp.livrohtml5.com.br//public_html/" local="130537280101999731" remote="130603794600000000" Dst="2" />
<file name="legendas-pt-br.vtt" server="ftp.livrohtml5.com.br//public_html/" local="130537259762453460" remote="130603794600000000" Dst="2" />
<file name="cover.jpg" server="ftp.livrohtml5.com.br//public_html/" local="130537251140978675" remote="130603794600000000" Dst="2" />
<file name="legendas_en.srt" server="ftp.livrohtml5.com.br//public_html/" local="129373559825625000" remote="130603794600000000" Dst="2" />
<file name="legendas_pt-br.srt" server="ftp.livrohtml5.com.br//public_html/" local="129373540524687500" remote="130603794600000000" Dst="2" />
<file name="pause.png" server="ftp.livrohtml5.com.br//public_html/" local="129358851562031250" remote="130603794600000000" Dst="2" />
<file name="pausev.png" server="ftp.livrohtml5.com.br//public_html/" local="129380045508906250" remote="130603794600000000" Dst="2" />
<file name="play.png" server="ftp.livrohtml5.com.br//public_html/" local="129358851449375000" remote="130603794600000000" Dst="2" />
<file name="playv.png" server="ftp.livrohtml5.com.br//public_html/" local="129380047821093750" remote="130603794600000000" Dst="2" />
<file name="PlymouthRoadrunnerCommercial.ogg" server="ftp.livrohtml5.com.br//public_html/" local="130537205441593788" remote="130603795800000000" Dst="2" />
<file name="som.mp3" server="ftp.livrohtml5.com.br//public_html/" local="129359289631562500" remote="130603795800000000" Dst="2" />
<file name="som.ogg" server="ftp.livrohtml5.com.br//public_html/" local="129359289631875000" remote="130603796400000000" Dst="2" />
<file name="PlymouthRoadrunnerCommercial.mp4" server="ftp.livrohtml5.com.br//public_html/" local="130537205585650306" remote="130603796400000000" Dst="2" />
<file name="PlymouthRoadrunnerCommercial.webm" server="ftp.livrohtml5.com.br//public_html/" local="130537205822758925" remote="130603797000000000" Dst="2" />
<file name="teste.html" server="ftp.livrohtml5.com.br//public_html/" local="130536492987023683" remote="130603797000000000" Dst="2" />
<file name="som.wav" server="ftp.livrohtml5.com.br//public_html/" local="129359289634687500" remote="130603797600000000" Dst="2" />
<file name="video.m4v" server="ftp.livrohtml5.com.br//public_html/" local="129374911414687500" remote="130603797600000000" Dst="2" />
<file name="som.zip" server="ftp.livrohtml5.com.br//public_html/" local="129359293336406250" remote="130603798200000000" Dst="2" />
<file name="video.mp4" server="ftp.livrohtml5.com.br//public_html/" local="129373257120000000" remote="130603798800000000" Dst="2" />
<file name="vmais.png" server="ftp.livrohtml5.com.br//public_html/" local="129358851669843750" remote="130603798800000000" Dst="2" />
<file name="vmenos.png" server="ftp.livrohtml5.com.br//public_html/" local="129358851760937500" remote="130603798800000000" Dst="2" />
<file name="video.ogv" server="ftp.livrohtml5.com.br//public_html/" local="129373236620000000" remote="130603798800000000" Dst="2" />
<file name="video.webm" server="ftp.livrohtml5.com.br//public_html/" local="129373243460000000" remote="130603799400000000" Dst="2" />
<file name="winco.m4v" server="ftp.livrohtml5.com.br//public_html/" local="129374443207187500" remote="130603799400000000" Dst="2" />
</dwsync>