<?xml version="1.0" encoding="utf-8" ?>
<dwsync>
<file name="c2-datalist.html" server="ftp.livrohtml5.com.br//public_html/" local="130535630767983652" remote="130603794600000000" Dst="2" />
<file name="c2-dialog.html" server="ftp.livrohtml5.com.br//public_html/" local="130542242232364922" remote="130603794600000000" Dst="2" />
<file name="c2-embed.html" server="ftp.livrohtml5.com.br//public_html/" local="130535644377297324" remote="130603794600000000" Dst="2" />
<file name="c2-figure.html" server="ftp.livrohtml5.com.br//public_html/" local="130536288537021536" remote="130603794600000000" Dst="2" />
<file name="c2-details.html" server="ftp.livrohtml5.com.br//public_html/" local="130535630960952559" remote="130603794600000000" Dst="2" />
<file name="c2-template.html" server="ftp.livrohtml5.com.br//public_html/" local="130542241091420599" remote="130603794600000000" Dst="2" />
<file name="logoSVG.svg" server="ftp.livrohtml5.com.br//public_html/" local="130527530194158102" remote="130603794600000000" Dst="2" />
<file name="copacabana.jpg" server="ftp.livrohtml5.com.br//public_html/" local="130535643288887059" remote="130603794600000000" Dst="2" />
</dwsync>